{"text": " \u042f \u0445\u043e\u0447\u0443, \u0447\u0442\u043e\u0431\u044b \u0442\u044b \u0441\u043e\u0437\u0434\u0430\u0432\u0430\u043b \u043a\u043e\u043c\u0438\u0442, \u043f\u0435\u0440\u0435\u0434 \u043a\u0430\u0436\u0434\u044b\u0439 \u043d\u0430\u0441\u0442\u0440\u043e\u0435\u043a \u0438 \u043d\u043e\u0432\u044b\u0439 \u0444\u0443\u043d\u043a\u0446\u0438\u0438.", "segments": [{"id": 0, "seek": 0, "start": 0.0, "end": 6.12, "text": " \u042f \u0445\u043e\u0447\u0443, \u0447\u0442\u043e\u0431\u044b \u0442\u044b \u0441\u043e\u0437\u0434\u0430\u0432\u0430\u043b \u043a\u043e\u043c\u0438\u0442, \u043f\u0435\u0440\u0435\u0434 \u043a\u0430\u0436\u0434\u044b\u0439 \u043d\u0430\u0441\u0442\u0440\u043e\u0435\u043a \u0438 \u043d\u043e\u0432\u044b\u0439 \u0444\u0443\u043d\u043a\u0446\u0438\u0438.", "tokens": [50364, 4857, 22168, 11, 7887, 5991, 20247, 1828, 1218, 7761, 1635, 11, 15621, 27628, 47842, 2872, 1006, 38121, 39484, 12502, 13, 50670], "temperature": 0.0, "avg_logprob": -0.3835860542629076, "compression_ratio": 1.2427184466019416, "no_speech_prob": 0.010266587138175964}], "language": "ru"}