{"text": " \u0421\u0435\u0439\u0447\u0430\u0441 \u044f \u043e\u0442\u043f\u0440\u0430\u0432\u043b\u044e \u0442\u0435\u0431\u0435 \u0442\u0435\u043a\u0441\u0442 VFL, \u0432 \u043a\u043e\u0442\u043e\u0440\u043e\u043c \u0431\u043e\u043b\u0435\u0435 \u043f\u043e\u0434\u0440\u043e\u0431\u043d\u043e \u043e\u043f\u0438\u0441\u0430\u043d\u043e \u0421\u0443\u0449\u043d\u043e\u0441\u0442\u044c \u0433\u0440\u0430\u0444\u0430 \u043a\u043e\u043d\u0442\u0435\u043a\u0441\u0442\u0430", "segments": [{"id": 0, "seek": 0, "start": 0.0, "end": 5.0, "text": " \u0421\u0435\u0439\u0447\u0430\u0441 \u044f \u043e\u0442\u043f\u0440\u0430\u0432\u043b\u044e \u0442\u0435\u0431\u0435 \u0442\u0435\u043a\u0441\u0442 VFL, \u0432 \u043a\u043e\u0442\u043e\u0440\u043e\u043c \u0431\u043e\u043b\u0435\u0435 \u043f\u043e\u0434\u0440\u043e\u0431\u043d\u043e \u043e\u043f\u0438\u0441\u0430\u043d\u043e", "tokens": [50364, 23590, 2552, 38427, 6578, 14656, 1069, 34879, 691, 37, 43, 11, 740, 39818, 15103, 4095, 17129, 1234, 32190, 19545, 50614], "temperature": 0.0, "avg_logprob": -0.49287110567092896, "compression_ratio": 1.3524590163934427, "no_speech_prob": 0.061590664088726044}, {"id": 1, "seek": 0, "start": 5.0, "end": 9.0, "text": " \u0421\u0443\u0449\u043d\u043e\u0441\u0442\u044c \u0433\u0440\u0430\u0444\u0430 \u043a\u043e\u043d\u0442\u0435\u043a\u0441\u0442\u0430", "tokens": [50614, 2933, 17263, 9930, 45799, 386, 43064, 2872, 11459, 50814], "temperature": 0.0, "avg_logprob": -0.49287110567092896, "compression_ratio": 1.3524590163934427, "no_speech_prob": 0.061590664088726044}], "language": "ru"}