{"text": " \u0414\u043e\u0431\u0430\u0432\u044c \u0441\u0435\u0431\u0435 \u0444\u0430\u0439\u043b \u043d\u0430\u0441\u0442\u0440\u043e\u0439\u043a\u0438 JSON, \u0432\u043e\u0437\u043c\u043e\u0436\u043d\u043e\u0441\u0442\u044c \u0432\u044b\u0431\u043e\u0440\u0430 \u043c\u043e\u0434\u0435\u043b\u0438 Cloud Opus 4.6.", "segments": [{"id": 0, "seek": 0, "start": 0.0, "end": 12.0, "text": " \u0414\u043e\u0431\u0430\u0432\u044c \u0441\u0435\u0431\u0435 \u0444\u0430\u0439\u043b \u043d\u0430\u0441\u0442\u0440\u043e\u0439\u043a\u0438 JSON, \u0432\u043e\u0437\u043c\u043e\u0436\u043d\u043e\u0441\u0442\u044c \u0432\u044b\u0431\u043e\u0440\u0430 \u043c\u043e\u0434\u0435\u043b\u0438 Cloud Opus 4.6.", "tokens": [50364, 3401, 2061, 1828, 678, 16683, 4394, 3183, 693, 1470, 26467, 2241, 31828, 11, 41233, 18061, 22889, 24104, 8334, 8061, 12011, 301, 1017, 13, 21, 13, 50964], "temperature": 0.0, "avg_logprob": -0.4280037539345877, "compression_ratio": 1.0619469026548674, "no_speech_prob": 0.019876163452863693}], "language": "ru"}